SET @DAILYID               := 50012,
    @WEEKLYID              := 50013,
    @DAILYID2S             := 50014,
    @WEEKLYID2S            := 50015,
    @DAILYID3S             := 50016,
    @WEEKLYID3S            := 50017,
    @DAILYID5S             := 50018,
    @WEEKLYID5S            := 50019,
    @DAILYID1S             := 50020,
    @WEEKLYID1S            := 50021,
    @DAILYIDSOLO           := 50022,
    @WEEKLYIDSOLO          := 50023,
    @DAILYHONOR            := 0,
    @WEEKLYHONOR           := 0,
    @DAILYHONOR2S          := 2000,
    @WEEKLYHONOR2S         := 10000,
    @DAILYHONOR3S          := 3000,
    @WEEKLYHONOR3S         := 15000,
    @DAILYHONOR5S          := 0,
    @WEEKLYHONOR5S         := 0,
    @DAILYHONOR1S          := 0,
    @WEEKLYHONOR1S         := 0,
    @DAILYHONORSOLO        := 0,
    @WEEKLYHONORSOLO       := 0,
    @DAILYARENAPOINTS      := 0,
    @WEEKLYARENAPOINTS     := 0,
    @DAILYARENAPOINTS2S    := 50,
    @WEEKLYARENAPOINTS2S   := 200,
    @DAILYARENAPOINTS3S    := 75,
    @WEEKLYARENAPOINTS3S   := 250,
    @DAILYARENAPOINTS5S    := 0,
    @WEEKLYARENAPOINTS5S   := 0,
    @DAILYARENAPOINTS1S    := 0,
    @WEEKLYARENAPOINTS1S   := 0,
    @DAILYARENAPOINTSSOLO  := 0,
    @WEEKLYARENAPOINTSSOLO := 0,
    @QUESTFLAGS            := 8+64, -- Sharable + Raid
    @DAILYQUESTFLAG        := 4096,
    @WEEKLYQUESTFLAG       := 32768,
    @MARKERCREATURE        := 500000,
    @REQUIREDMATCHES       := 10;

DELETE FROM `quest_template` WHERE `ID` IN (@DAILYID, @WEEKLYID, @DAILYID2S, @WEEKLYID2S, @DAILYID3S, @WEEKLYID3S, @DAILYID5S, @WEEKLYID5S, @DAILYID1S, @WEEKLYID1S, @DAILYIDSOLO, @WEEKLYIDSOLO);
INSERT INTO `quest_template` (`ID`, `QuestType`, `QuestLevel`, `MinLevel`, `QuestSortID`, `QuestInfoID`, `SuggestedGroupNum`, `RequiredFactionId1`, `RequiredFactionId2`, `RequiredFactionValue1`, `RequiredFactionValue2`, `RewardNextQuest`, `RewardXPDifficulty`, `RewardMoney`, `RewardMoneyDifficulty`, `RewardDisplaySpell`, `RewardSpell`, `RewardHonor`, `RewardKillHonor`, `StartItem`, `Flags`, `RequiredPlayerKills`, `RewardItem1`, `RewardAmount1`, `RewardItem2`, `RewardAmount2`, `RewardItem3`, `RewardAmount3`, `RewardItem4`, `RewardAmount4`, `ItemDrop1`, `ItemDropQuantity1`, `ItemDrop2`, `ItemDropQuantity2`, `ItemDrop3`, `ItemDropQuantity3`, `ItemDrop4`, `ItemDropQuantity4`, `RewardChoiceItemID1`, `RewardChoiceItemQuantity1`, `RewardChoiceItemID2`, `RewardChoiceItemQuantity2`, `RewardChoiceItemID3`, `RewardChoiceItemQuantity3`, `RewardChoiceItemID4`, `RewardChoiceItemQuantity4`, `RewardChoiceItemID5`, `RewardChoiceItemQuantity5`, `RewardChoiceItemID6`, `RewardChoiceItemQuantity6`, `POIContinent`, `POIx`, `POIy`, `POIPriority`, `RewardTitle`, `RewardTalents`, `RewardArenaPoints`, `RewardFactionID1`, `RewardFactionValue1`, `RewardFactionOverride1`, `RewardFactionID2`, `RewardFactionValue2`, `RewardFactionOverride2`, `RewardFactionID3`, `RewardFactionValue3`, `RewardFactionOverride3`, `RewardFactionID4`, `RewardFactionValue4`, `RewardFactionOverride4`, `RewardFactionID5`, `RewardFactionValue5`, `RewardFactionOverride5`, `TimeAllowed`, `AllowableRaces`, `LogTitle`, `LogDescription`, `QuestDescription`, `AreaDescription`, `QuestCompletionLog`, `RequiredNpcOrGo1`, `RequiredNpcOrGo2`, `RequiredNpcOrGo3`, `RequiredNpcOrGo4`, `RequiredNpcOrGoCount1`, `RequiredNpcOrGoCount2`, `RequiredNpcOrGoCount3`, `RequiredNpcOrGoCount4`, `RequiredItemId1`, `RequiredItemId2`, `RequiredItemId3`, `RequiredItemId4`, `RequiredItemId5`, `RequiredItemId6`, `RequiredItemCount1`, `RequiredItemCount2`, `RequiredItemCount3`, `RequiredItemCount4`, `RequiredItemCount5`, `RequiredItemCount6`, `Unknown0`, `ObjectiveText1`, `ObjectiveText2`, `ObjectiveText3`, `ObjectiveText4`, `VerifiedBuild`) VALUES
(@DAILYID,      2, 80, 80, -25, 41, 0, 0, 0, 0, 0, 0, 0, 0, 0, 0, 0, @DAILYHONOR,      0, 0, @QUESTFLAGS+@DAILYQUESTFLAG,  0, 0, 0, 0, 0, 0, 0, 0, 0, 0, 0, 0, 0, 0, 0, 0, 0, 0, 0, 0, 0, 0, 0, 0, 0, 0, 0, 0, 0, 0, 0, 0, 0, 0, 0, @DAILYARENAPOINTS,      0, 0, 0, 0, 0, 0, 0, 0, 0, 0, 0, 0, 0, 0, 0, 0, 1791, 'Arena Match Daily Quest',             'Participate in 10 full Arena matches.',             'The drums of war sound loud in our venture against the Lich King. If you want to cut your teeth and make sure you have the strength we need in our battles ahead, you may want to find some fights in your own time. Nothing like the thrill of combat with another living soul.',                                                                                                            NULL, NULL, @MARKERCREATURE,    0, 0, 0, @REQUIREDMATCHES, 0, 0, 0, 0, 0, 0, 0, 0, 0, 0, 0, 0, 0, 0, 0, 0, 'Arena Match Completed',            NULL, NULL, NULL, 0),
(@WEEKLYID,     2, 80, 80, -25, 41, 0, 0, 0, 0, 0, 0, 0, 0, 0, 0, 0, @WEEKLYHONOR,     0, 0, @QUESTFLAGS+@WEEKLYQUESTFLAG, 0, 0, 0, 0, 0, 0, 0, 0, 0, 0, 0, 0, 0, 0, 0, 0, 0, 0, 0, 0, 0, 0, 0, 0, 0, 0, 0, 0, 0, 0, 0, 0, 0, 0, 0, @WEEKLYARENAPOINTS,     0, 0, 0, 0, 0, 0, 0, 0, 0, 0, 0, 0, 0, 0, 0, 0, 1791, 'Arena Match Weekly Quest',            'Claim victory in 10 Arena matches.',                'We\'ve got plenty of recruits in this conflict with the Scourge, but between you and me, not all of them are up to the task. It\'s one thing to throw bodies against Icecrown, but every recruit lost is another risen enemy in our war. Before we make any further moves against the Lich King, I ask that you prove your mettle. Victory is vital, even in our petty practice skirmishes.', NULL, NULL, @MARKERCREATURE+1,  0, 0, 0, @REQUIREDMATCHES, 0, 0, 0, 0, 0, 0, 0, 0, 0, 0, 0, 0, 0, 0, 0, 0, 'Arena Match Won',                  NULL, NULL, NULL, 0),
(@DAILYID2S,    2, 80, 80, -25, 41, 0, 0, 0, 0, 0, 0, 0, 0, 0, 0, 0, @DAILYHONOR2S,    0, 0, @QUESTFLAGS+@DAILYQUESTFLAG,  0, 0, 0, 0, 0, 0, 0, 0, 0, 0, 0, 0, 0, 0, 0, 0, 0, 0, 0, 0, 0, 0, 0, 0, 0, 0, 0, 0, 0, 0, 0, 0, 0, 0, 0, @DAILYARENAPOINTS2S,    0, 0, 0, 0, 0, 0, 0, 0, 0, 0, 0, 0, 0, 0, 0, 0, 1791, '2v2 Arena Match Daily Quest',         'Participate in 10 full 2v2 Arena matches.',         'The drums of war sound loud in our venture against the Lich King. If you want to cut your teeth and make sure you have the strength we need in our battles ahead, you may want to find some fights in your own time. Nothing like the thrill of combat with another living soul.',                                                                                                            NULL, NULL, @MARKERCREATURE+2,  0, 0, 0, @REQUIREDMATCHES, 0, 0, 0, 0, 0, 0, 0, 0, 0, 0, 0, 0, 0, 0, 0, 0, '2v2 Arena Match Completed',        NULL, NULL, NULL, 0),
(@WEEKLYID2S,   2, 80, 80, -25, 41, 0, 0, 0, 0, 0, 0, 0, 0, 0, 0, 0, @WEEKLYHONOR2S,   0, 0, @QUESTFLAGS+@WEEKLYQUESTFLAG, 0, 0, 0, 0, 0, 0, 0, 0, 0, 0, 0, 0, 0, 0, 0, 0, 0, 0, 0, 0, 0, 0, 0, 0, 0, 0, 0, 0, 0, 0, 0, 0, 0, 0, 0, @WEEKLYARENAPOINTS2S,   0, 0, 0, 0, 0, 0, 0, 0, 0, 0, 0, 0, 0, 0, 0, 0, 1791, '2v2 Arena Match Weekly Quest',        'Claim victory in 10 2v2 Arena matches.',            'We\'ve got plenty of recruits in this conflict with the Scourge, but between you and me, not all of them are up to the task. It\'s one thing to throw bodies against Icecrown, but every recruit lost is another risen enemy in our war. Before we make any further moves against the Lich King, I ask that you prove your mettle. Victory is vital, even in our petty practice skirmishes.', NULL, NULL, @MARKERCREATURE+3,  0, 0, 0, @REQUIREDMATCHES, 0, 0, 0, 0, 0, 0, 0, 0, 0, 0, 0, 0, 0, 0, 0, 0, '2v2 Arena Match Won',              NULL, NULL, NULL, 0),
(@DAILYID3S,    2, 80, 80, -25, 41, 0, 0, 0, 0, 0, 0, 0, 0, 0, 0, 0, @DAILYHONOR3S,    0, 0, @QUESTFLAGS+@DAILYQUESTFLAG,  0, 0, 0, 0, 0, 0, 0, 0, 0, 0, 0, 0, 0, 0, 0, 0, 0, 0, 0, 0, 0, 0, 0, 0, 0, 0, 0, 0, 0, 0, 0, 0, 0, 0, 0, @DAILYARENAPOINTS3S,    0, 0, 0, 0, 0, 0, 0, 0, 0, 0, 0, 0, 0, 0, 0, 0, 1791, '3v3 Arena Match Daily Quest',         'Participate in 10 full 3v3 Arena matches.',         'The drums of war sound loud in our venture against the Lich King. If you want to cut your teeth and make sure you have the strength we need in our battles ahead, you may want to find some fights in your own time. Nothing like the thrill of combat with another living soul.',                                                                                                            NULL, NULL, @MARKERCREATURE+4,  0, 0, 0, @REQUIREDMATCHES, 0, 0, 0, 0, 0, 0, 0, 0, 0, 0, 0, 0, 0, 0, 0, 0, '3v3 Arena Match Completed',        NULL, NULL, NULL, 0),
(@WEEKLYID3S,   2, 80, 80, -25, 41, 0, 0, 0, 0, 0, 0, 0, 0, 0, 0, 0, @WEEKLYHONOR3S,   0, 0, @QUESTFLAGS+@WEEKLYQUESTFLAG, 0, 0, 0, 0, 0, 0, 0, 0, 0, 0, 0, 0, 0, 0, 0, 0, 0, 0, 0, 0, 0, 0, 0, 0, 0, 0, 0, 0, 0, 0, 0, 0, 0, 0, 0, @WEEKLYARENAPOINTS3S,   0, 0, 0, 0, 0, 0, 0, 0, 0, 0, 0, 0, 0, 0, 0, 0, 1791, '3v3 Arena Match Weekly Quest',        'Claim victory in 10 3v3 Arena matches.',            'We\'ve got plenty of recruits in this conflict with the Scourge, but between you and me, not all of them are up to the task. It\'s one thing to throw bodies against Icecrown, but every recruit lost is another risen enemy in our war. Before we make any further moves against the Lich King, I ask that you prove your mettle. Victory is vital, even in our petty practice skirmishes.', NULL, NULL, @MARKERCREATURE+5,  0, 0, 0, @REQUIREDMATCHES, 0, 0, 0, 0, 0, 0, 0, 0, 0, 0, 0, 0, 0, 0, 0, 0, '3v3 Arena Match Won',              NULL, NULL, NULL, 0),
(@DAILYID5S,    2, 80, 80, -25, 41, 0, 0, 0, 0, 0, 0, 0, 0, 0, 0, 0, @DAILYHONOR5S,    0, 0, @QUESTFLAGS+@DAILYQUESTFLAG,  0, 0, 0, 0, 0, 0, 0, 0, 0, 0, 0, 0, 0, 0, 0, 0, 0, 0, 0, 0, 0, 0, 0, 0, 0, 0, 0, 0, 0, 0, 0, 0, 0, 0, 0, @DAILYARENAPOINTS5S,    0, 0, 0, 0, 0, 0, 0, 0, 0, 0, 0, 0, 0, 0, 0, 0, 1791, '5v5 Arena Match Daily Quest',         'Participate in 10 full 5v5 Arena matches.',         'The drums of war sound loud in our venture against the Lich King. If you want to cut your teeth and make sure you have the strength we need in our battles ahead, you may want to find some fights in your own time. Nothing like the thrill of combat with another living soul.',                                                                                                            NULL, NULL, @MARKERCREATURE+6,  0, 0, 0, @REQUIREDMATCHES, 0, 0, 0, 0, 0, 0, 0, 0, 0, 0, 0, 0, 0, 0, 0, 0, '5v5 Arena Match Completed',        NULL, NULL, NULL, 0),
(@WEEKLYID5S,   2, 80, 80, -25, 41, 0, 0, 0, 0, 0, 0, 0, 0, 0, 0, 0, @WEEKLYHONOR5S,   0, 0, @QUESTFLAGS+@WEEKLYQUESTFLAG, 0, 0, 0, 0, 0, 0, 0, 0, 0, 0, 0, 0, 0, 0, 0, 0, 0, 0, 0, 0, 0, 0, 0, 0, 0, 0, 0, 0, 0, 0, 0, 0, 0, 0, 0, @WEEKLYARENAPOINTS5S,   0, 0, 0, 0, 0, 0, 0, 0, 0, 0, 0, 0, 0, 0, 0, 0, 1791, '5v5 Arena Match Weekly Quest',        'Claim victory in 10 5v5 Arena matches.',            'We\'ve got plenty of recruits in this conflict with the Scourge, but between you and me, not all of them are up to the task. It\'s one thing to throw bodies against Icecrown, but every recruit lost is another risen enemy in our war. Before we make any further moves against the Lich King, I ask that you prove your mettle. Victory is vital, even in our petty practice skirmishes.', NULL, NULL, @MARKERCREATURE+7,  0, 0, 0, @REQUIREDMATCHES, 0, 0, 0, 0, 0, 0, 0, 0, 0, 0, 0, 0, 0, 0, 0, 0, '5v5 Arena Match Won',              NULL, NULL, NULL, 0),
(@DAILYID1S,    2, 80, 80, -25, 41, 0, 0, 0, 0, 0, 0, 0, 0, 0, 0, 0, @DAILYHONOR1S,    0, 0, @QUESTFLAGS+@DAILYQUESTFLAG,  0, 0, 0, 0, 0, 0, 0, 0, 0, 0, 0, 0, 0, 0, 0, 0, 0, 0, 0, 0, 0, 0, 0, 0, 0, 0, 0, 0, 0, 0, 0, 0, 0, 0, 0, @DAILYARENAPOINTS1S,    0, 0, 0, 0, 0, 0, 0, 0, 0, 0, 0, 0, 0, 0, 0, 0, 1791, '1v1 Arena Match Daily Quest',         'Participate in 10 full 1v1 Arena matches.',         'The drums of war sound loud in our venture against the Lich King. If you want to cut your teeth and make sure you have the strength we need in our battles ahead, you may want to find some fights in your own time. Nothing like the thrill of combat with another living soul.',                                                                                                            NULL, NULL, @MARKERCREATURE+8,  0, 0, 0, @REQUIREDMATCHES, 0, 0, 0, 0, 0, 0, 0, 0, 0, 0, 0, 0, 0, 0, 0, 0, '1v1 Arena Match Completed',        NULL, NULL, NULL, 0),
(@WEEKLYID1S,   2, 80, 80, -25, 41, 0, 0, 0, 0, 0, 0, 0, 0, 0, 0, 0, @WEEKLYHONOR1S,   0, 0, @QUESTFLAGS+@WEEKLYQUESTFLAG, 0, 0, 0, 0, 0, 0, 0, 0, 0, 0, 0, 0, 0, 0, 0, 0, 0, 0, 0, 0, 0, 0, 0, 0, 0, 0, 0, 0, 0, 0, 0, 0, 0, 0, 0, @WEEKLYARENAPOINTS1S,   0, 0, 0, 0, 0, 0, 0, 0, 0, 0, 0, 0, 0, 0, 0, 0, 1791, '1v1 Arena Match Weekly Quest',        'Claim victory in 10 1v1 Arena matches.',            'We\'ve got plenty of recruits in this conflict with the Scourge, but between you and me, not all of them are up to the task. It\'s one thing to throw bodies against Icecrown, but every recruit lost is another risen enemy in our war. Before we make any further moves against the Lich King, I ask that you prove your mettle. Victory is vital, even in our petty practice skirmishes.', NULL, NULL, @MARKERCREATURE+9,  0, 0, 0, @REQUIREDMATCHES, 0, 0, 0, 0, 0, 0, 0, 0, 0, 0, 0, 0, 0, 0, 0, 0, '1v1 Arena Match Won',              NULL, NULL, NULL, 0),
(@DAILYIDSOLO,  2, 80, 80, -25, 41, 0, 0, 0, 0, 0, 0, 0, 0, 0, 0, 0, @DAILYHONORSOLO,  0, 0, @QUESTFLAGS+@DAILYQUESTFLAG,  0, 0, 0, 0, 0, 0, 0, 0, 0, 0, 0, 0, 0, 0, 0, 0, 0, 0, 0, 0, 0, 0, 0, 0, 0, 0, 0, 0, 0, 0, 0, 0, 0, 0, 0, @DAILYARENAPOINTSSOLO,  0, 0, 0, 0, 0, 0, 0, 0, 0, 0, 0, 0, 0, 0, 0, 0, 1791, 'Solo Queue Arena Match Daily Quest',  'Participate in 10 full solo queued Arena matches.', 'The drums of war sound loud in our venture against the Lich King. If you want to cut your teeth and make sure you have the strength we need in our battles ahead, you may want to find some fights in your own time. Nothing like the thrill of combat with another living soul.',                                                                                                            NULL, NULL, @MARKERCREATURE+10, 0, 0, 0, @REQUIREDMATCHES, 0, 0, 0, 0, 0, 0, 0, 0, 0, 0, 0, 0, 0, 0, 0, 0, 'Solo Queue Arena Match Completed', NULL, NULL, NULL, 0),
(@WEEKLYIDSOLO, 2, 80, 80, -25, 41, 0, 0, 0, 0, 0, 0, 0, 0, 0, 0, 0, @WEEKLYHONORSOLO, 0, 0, @QUESTFLAGS+@WEEKLYQUESTFLAG, 0, 0, 0, 0, 0, 0, 0, 0, 0, 0, 0, 0, 0, 0, 0, 0, 0, 0, 0, 0, 0, 0, 0, 0, 0, 0, 0, 0, 0, 0, 0, 0, 0, 0, 0, @WEEKLYARENAPOINTSSOLO, 0, 0, 0, 0, 0, 0, 0, 0, 0, 0, 0, 0, 0, 0, 0, 0, 1791, 'Solo Queue Arena Match Weekly Quest', 'Claim victory in 10 solo queued Arena matches.',    'We\'ve got plenty of recruits in this conflict with the Scourge, but between you and me, not all of them are up to the task. It\'s one thing to throw bodies against Icecrown, but every recruit lost is another risen enemy in our war. Before we make any further moves against the Lich King, I ask that you prove your mettle. Victory is vital, even in our petty practice skirmishes.', NULL, NULL, @MARKERCREATURE+11, 0, 0, 0, @REQUIREDMATCHES, 0, 0, 0, 0, 0, 0, 0, 0, 0, 0, 0, 0, 0, 0, 0, 0, 'Solo Queue Arena Match Won',       NULL, NULL, NULL, 0);

DELETE FROM `quest_template_addon` WHERE `ID` IN (@DAILYID, @WEEKLYID, @DAILYID2S, @WEEKLYID2S, @DAILYID3S, @WEEKLYID3S, @DAILYID5S, @WEEKLYID5S, @DAILYID1S, @WEEKLYID1S, @DAILYIDSOLO, @WEEKLYIDSOLO);
INSERT INTO `quest_template_addon` (`ID`, `MaxLevel`, `AllowableClasses`, `SourceSpellID`, `PrevQuestID`, `NextQuestID`, `ExclusiveGroup`, `BreadcrumbForQuestId`, `RewardMailTemplateID`, `RewardMailDelay`, `RequiredSkillID`, `RequiredSkillPoints`, `RequiredMinRepFaction`, `RequiredMaxRepFaction`, `RequiredMinRepValue`, `RequiredMaxRepValue`, `ProvidedItemCount`, `SpecialFlags`) VALUES
(@DAILYID,      0, 0, 0, 0, 0, 0, 0, 0, 0, 0, 0, 0, 0, 0, 0, 0, 257),
(@WEEKLYID,     0, 0, 0, 0, 0, 0, 0, 0, 0, 0, 0, 0, 0, 0, 0, 0, 257),
(@DAILYID2S,    0, 0, 0, 0, 0, 0, 0, 0, 0, 0, 0, 0, 0, 0, 0, 0, 257),
(@WEEKLYID2S,   0, 0, 0, 0, 0, 0, 0, 0, 0, 0, 0, 0, 0, 0, 0, 0, 257),
(@DAILYID3S,    0, 0, 0, 0, 0, 0, 0, 0, 0, 0, 0, 0, 0, 0, 0, 0, 257),
(@WEEKLYID3S,   0, 0, 0, 0, 0, 0, 0, 0, 0, 0, 0, 0, 0, 0, 0, 0, 257),
(@DAILYID5S,    0, 0, 0, 0, 0, 0, 0, 0, 0, 0, 0, 0, 0, 0, 0, 0, 257),
(@WEEKLYID5S,   0, 0, 0, 0, 0, 0, 0, 0, 0, 0, 0, 0, 0, 0, 0, 0, 257),
(@DAILYID1S,    0, 0, 0, 0, 0, 0, 0, 0, 0, 0, 0, 0, 0, 0, 0, 0, 257),
(@WEEKLYID1S,   0, 0, 0, 0, 0, 0, 0, 0, 0, 0, 0, 0, 0, 0, 0, 0, 257),
(@DAILYIDSOLO,  0, 0, 0, 0, 0, 0, 0, 0, 0, 0, 0, 0, 0, 0, 0, 0, 257),
(@WEEKLYIDSOLO, 0, 0, 0, 0, 0, 0, 0, 0, 0, 0, 0, 0, 0, 0, 0, 0, 257);

DELETE FROM `creature_template` WHERE `entry` BETWEEN @MARKERCREATURE AND @MARKERCREATURE+11;
INSERT INTO `creature_template` (`entry`, `difficulty_entry_1`, `difficulty_entry_2`, `difficulty_entry_3`, `KillCredit1`, `KillCredit2`, `name`, `subname`, `IconName`, `gossip_menu_id`, `minlevel`, `maxlevel`, `exp`, `faction`, `npcflag`, `speed_walk`, `speed_run`, `speed_swim`, `speed_flight`, `detection_range`, `scale`, `rank`, `dmgschool`, `DamageModifier`, `BaseAttackTime`, `RangeAttackTime`, `BaseVariance`, `RangeVariance`, `unit_class`, `unit_flags`, `unit_flags2`, `dynamicflags`, `family`, `type`, `type_flags`, `lootid`, `pickpocketloot`, `skinloot`, `PetSpellDataId`, `VehicleId`, `mingold`, `maxgold`, `AIName`, `MovementType`, `HoverHeight`, `HealthModifier`, `ManaModifier`, `ArmorModifier`, `ExperienceModifier`, `RacialLeader`, `movementId`, `RegenHealth`, `mechanic_immune_mask`, `spell_school_immune_mask`, `flags_extra`, `ScriptName`, `VerifiedBuild`) VALUES
(@MARKERCREATURE, 0, 0, 0, 0, 0, 'Arena Match Completed', NULL, NULL, 0, 1, 80, 0, 35, 0, 0.91, 1.14286, 1, 1, 18, 1, 0, 0, 1, 2000, 2000, 1, 1, 1, 0, 2048, 0, 0, 8, 0, 0, 0, 0, 0, 0, 0, 0, '', 0, 1, 0.0125, 1, 1, 1, 0, 0, 1, 0, 0, 130, '', 0),
(@MARKERCREATURE+1, 0, 0, 0, 0, 0, 'Arena Match Won', NULL, NULL, 0, 1, 80, 0, 35, 0, 0.91, 1.14286, 1, 1, 18, 1, 0, 0, 1, 2000, 2000, 1, 1, 1, 0, 2048, 0, 0, 8, 0, 0, 0, 0, 0, 0, 0, 0, '', 0, 1, 0.0125, 1, 1, 1, 0, 0, 1, 0, 0, 130, '', 0),
(@MARKERCREATURE+2, 0, 0, 0, 0, 0, '2v2 Arena Match Completed', NULL, NULL, 0, 1, 80, 0, 35, 0, 0.91, 1.14286, 1, 1, 18, 1, 0, 0, 1, 2000, 2000, 1, 1, 1, 0, 2048, 0, 0, 8, 0, 0, 0, 0, 0, 0, 0, 0, '', 0, 1, 0.0125, 1, 1, 1, 0, 0, 1, 0, 0, 130, '', 0),
(@MARKERCREATURE+3, 0, 0, 0, 0, 0, '2v2 Arena Match Won', NULL, NULL, 0, 1, 80, 0, 35, 0, 0.91, 1.14286, 1, 1, 18, 1, 0, 0, 1, 2000, 2000, 1, 1, 1, 0, 2048, 0, 0, 8, 0, 0, 0, 0, 0, 0, 0, 0, '', 0, 1, 0.0125, 1, 1, 1, 0, 0, 1, 0, 0, 130, '', 0),
(@MARKERCREATURE+4, 0, 0, 0, 0, 0, '3v3 Arena Match Completed', NULL, NULL, 0, 1, 80, 0, 35, 0, 0.91, 1.14286, 1, 1, 18, 1, 0, 0, 1, 2000, 2000, 1, 1, 1, 0, 2048, 0, 0, 8, 0, 0, 0, 0, 0, 0, 0, 0, '', 0, 1, 0.0125, 1, 1, 1, 0, 0, 1, 0, 0, 130, '', 0),
(@MARKERCREATURE+5, 0, 0, 0, 0, 0, '3v3 Arena Match Won', NULL, NULL, 0, 1, 80, 0, 35, 0, 0.91, 1.14286, 1, 1, 18, 1, 0, 0, 1, 2000, 2000, 1, 1, 1, 0, 2048, 0, 0, 8, 0, 0, 0, 0, 0, 0, 0, 0, '', 0, 1, 0.0125, 1, 1, 1, 0, 0, 1, 0, 0, 130, '', 0),
(@MARKERCREATURE+6, 0, 0, 0, 0, 0, '5v5 Arena Match Completed', NULL, NULL, 0, 1, 80, 0, 35, 0, 0.91, 1.14286, 1, 1, 18, 1, 0, 0, 1, 2000, 2000, 1, 1, 1, 0, 2048, 0, 0, 8, 0, 0, 0, 0, 0, 0, 0, 0, '', 0, 1, 0.0125, 1, 1, 1, 0, 0, 1, 0, 0, 130, '', 0),
(@MARKERCREATURE+7, 0, 0, 0, 0, 0, '5v5 Arena Match Won', NULL, NULL, 0, 1, 80, 0, 35, 0, 0.91, 1.14286, 1, 1, 18, 1, 0, 0, 1, 2000, 2000, 1, 1, 1, 0, 2048, 0, 0, 8, 0, 0, 0, 0, 0, 0, 0, 0, '', 0, 1, 0.0125, 1, 1, 1, 0, 0, 1, 0, 0, 130, '', 0),
(@MARKERCREATURE+8, 0, 0, 0, 0, 0, '1v1 Arena Match Completed', NULL, NULL, 0, 1, 80, 0, 35, 0, 0.91, 1.14286, 1, 1, 18, 1, 0, 0, 1, 2000, 2000, 1, 1, 1, 0, 2048, 0, 0, 8, 0, 0, 0, 0, 0, 0, 0, 0, '', 0, 1, 0.0125, 1, 1, 1, 0, 0, 1, 0, 0, 130, '', 0),
(@MARKERCREATURE+9, 0, 0, 0, 0, 0, '1v1 Arena Match Won', NULL, NULL, 0, 1, 80, 0, 35, 0, 0.91, 1.14286, 1, 1, 18, 1, 0, 0, 1, 2000, 2000, 1, 1, 1, 0, 2048, 0, 0, 8, 0, 0, 0, 0, 0, 0, 0, 0, '', 0, 1, 0.0125, 1, 1, 1, 0, 0, 1, 0, 0, 130, '', 0),
(@MARKERCREATURE+10, 0, 0, 0, 0, 0, 'Solo Queue Arena Match Completed', NULL, NULL, 0, 1, 80, 0, 35, 0, 0.91, 1.14286, 1, 1, 18, 1, 0, 0, 1, 2000, 2000, 1, 1, 1, 0, 2048, 0, 0, 8, 0, 0, 0, 0, 0, 0, 0, 0, '', 0, 1, 0.0125, 1, 1, 1, 0, 0, 1, 0, 0, 130, '', 0),
(@MARKERCREATURE+11, 0, 0, 0, 0, 0, 'Solo Queue Arena Match Won', NULL, NULL, 0, 1, 80, 0, 35, 0, 0.91, 1.14286, 1, 1, 18, 1, 0, 0, 1, 2000, 2000, 1, 1, 1, 0, 2048, 0, 0, 8, 0, 0, 0, 0, 0, 0, 0, 0, '', 0, 1, 0.0125, 1, 1, 1, 0, 0, 1, 0, 0, 130, '', 0);

DELETE FROM `creature_template_model` WHERE `CreatureID` BETWEEN @MARKERCREATURE AND @MARKERCREATURE+11;
INSERT INTO `creature_template_model` (`CreatureID`, `Idx`, `CreatureDisplayID`, `DisplayScale`, `Probability`, `VerifiedBuild`) VALUES
(@MARKERCREATURE, 0, 11686, 1, 1, 0),
(@MARKERCREATURE+1, 0, 11686, 1, 1, 0),
(@MARKERCREATURE+2, 0, 11686, 1, 1, 0),
(@MARKERCREATURE+3, 0, 11686, 1, 1, 0),
(@MARKERCREATURE+4, 0, 11686, 1, 1, 0),
(@MARKERCREATURE+5, 0, 11686, 1, 1, 0),
(@MARKERCREATURE+6, 0, 11686, 1, 1, 0),
(@MARKERCREATURE+7, 0, 11686, 1, 1, 0),
(@MARKERCREATURE+8, 0, 11686, 1, 1, 0),
(@MARKERCREATURE+9, 0, 11686, 1, 1, 0),
(@MARKERCREATURE+10, 0, 11686, 1, 1, 0),
(@MARKERCREATURE+11, 0, 11686, 1, 1, 0);

